antecedents,consequents,antecedent support,consequent support,support,confidence,lift,representativity,leverage,conviction,zhangs_metric,jaccard,certainty,kulczynski
"frozenset({'22746', '22745'})",frozenset({'22748'}),0.011061350024281012,0.01866940052878649,0.01003615172934765,0.9073170731707317,48.599154095587195,1.0,0.009829642955355246,10.588040678505202,0.9903784326701492,0.5095890410958904,0.9055538196004382,0.722444663752996
frozenset({'23172'}),frozenset({'23171'}),0.012086548319214374,0.01456860734905304,0.010899476609291534,0.9017857142857143,61.89923941798942,1.0,0.010723392432623543,10.033483270627825,0.9958814822986478,0.6917808219178082,0.9003337153182469,0.8249669312169312
"frozenset({'22698', '22699'})",frozenset({'22697'}),0.023525602978470835,0.037284843252576486,0.02104354394863217,0.8944954128440368,23.990858880229425,1.0,0.02016639552915754,9.124865398736455,0.98140561617381,0.5291723202170964,0.8904093423516721,0.7294474169864178
frozenset({'23172'}),frozenset({'23170'}),0.012086548319214374,0.01769816003884962,0.01062968758430907,0.8794642857142857,49.69241343641115,1.0,0.010415777917838326,8.149467116714728,0.9918644210650057,0.5549295774647888,0.8772925903401734,0.7400370209059233
"frozenset({'22698', '22423'})",frozenset({'22697'}),0.01667296174391626,0.037284843252576486,0.014622565154049534,0.8770226537216829,23.522229871814687,1.0,0.014000916388871413,7.82839430091984,0.9737218509147341,0.3717421124828532,0.87225988350095,0.6346039462530266
"frozenset({'22746', '22748'})",frozenset({'22745'}),0.01160092807424594,0.017050666378891705,0.01003615172934765,0.8651162790697675,50.737974683544316,1.0,0.009838348175068163,7.287382990639255,0.991796658084709,0.5391304347826087,0.8627765274194434,0.7268619370032382
"frozenset({'22698', '22423'})",frozenset({'22699'}),0.01667296174391626,0.042248961312253815,0.014298818324070577,0.8576051779935275,20.29884644157605,1.0,0.013594403008391171,6.726024339875309,0.9668564778769858,0.32043530834341,0.851323761338256,0.5980235340797778
frozenset({'22746'}),frozenset({'22748'}),0.013597366859116172,0.01866940052878649,0.01160092807424594,0.8531746031746031,45.699089365996876,1.0,0.011347073386216253,6.683657055857993,0.9916008869292429,0.5613577023498694,0.8503813119610117,0.7372809432057987
frozenset({'23171'}),frozenset({'23170'}),0.01456860734905304,0.01769816003884962,0.012356337344196838,0.8481481481481481,47.92295618789521,1.0,0.012098499799790137,6.46881699486611,0.9936086683004056,0.6205962059620598,0.8454122290376066,0.7731594399277326
"frozenset({'22697', '22698'})",frozenset({'22699'}),0.024820590298386663,0.042248961312253815,0.02104354394863217,0.8478260869565217,20.06738297517908,1.0,0.01999489978936833,6.293792539948045,0.9743518806209008,0.45720984759671757,0.8411132884262094,0.6729551890721306
"frozenset({'22697', '22423'})",frozenset({'22699'}),0.020180219068688287,0.042248961312253815,0.016834835158905735,0.8342245989304812,19.745446349908825,1.0,0.015982241864199918,5.777401426922852,0.9689081913185663,0.36923076923076925,0.826911802364992,0.6163460159403364
"frozenset({'23202', '23209'})",frozenset({'23203'}),0.0133815356391302,0.05827442939621216,0.011115307829277506,0.8306451612903226,14.254024790919953,1.0,0.010335506475462115,5.560665274041415,0.9424558832509006,0.18360071301247774,0.8201654027498739,0.5106929510155317
frozenset({'21086'}),frozenset({'21094'}),0.015377974424000431,0.017536286623860142,0.012734041979172286,0.8280701754385965,47.220383265856945,1.0,0.012464369411978624,5.714329761473467,0.9941101044739521,0.6310160427807485,0.8250013489347271,0.7771120107962213
frozenset({'22698'}),frozenset({'22697'}),0.030000539578049965,0.037284843252576486,0.024820590298386663,0.827338129496403,22.189663609199474,1.0,0.023702024882726352,5.57572528282883,0.9844685600682999,0.5844980940279544,0.8206511351842191,0.7465200054139034
frozenset({'22579'}),frozenset({'22578'}),0.014892354179031998,0.02336372956348136,0.01219446392920736,0.8188405797101449,35.0475114636677,1.0,0.011846522993604874,5.3910322128095824,0.9861534501737967,0.4679089026915114,0.8145067659540395,0.6703902667603843
frozenset({'22746'}),frozenset({'22745'}),0.013597366859116172,0.017050666378891705,0.011061350024281012,0.8134920634920635,47.7102797870203,1.0,0.010829505858334823,5.270281533457857,0.9925360330130842,0.5647382920110193,0.8102568157599173,0.7311131203536267
frozenset({'22745'}),frozenset({'22748'}),0.017050666378891705,0.01866940052878649,0.013705282469109157,0.8037974683544304,43.054273066510575,1.0,0.013386956749198915,5.001620474724251,0.993717039418489,0.6225490196078433,0.8000647979882696,0.7689507572986025
"frozenset({'85099B', '23209'})",frozenset({'23203'}),0.013759240274105649,0.05827442939621216,0.010899476609291534,0.7921568627450981,13.593558460421207,1.0,0.010097664733392644,4.530943783093698,0.9393606337327025,0.17828773168578993,0.7792954298547472,0.48959694989106756
"frozenset({'85099F', '22386'})",frozenset({'85099B'}),0.015809636863972375,0.08633248799438839,0.012518210759186316,0.7918088737201364,9.171621160409554,1.0,0.01115332547443178,4.388599688813837,0.9052801724137931,0.13967489464178204,0.7721368839931074,0.4684044368600682
frozenset({'22698'}),frozenset({'22699'}),0.030000539578049965,0.042248961312253815,0.023525602978470835,0.7841726618705036,18.560755992906824,1.0,0.022258111342491064,4.4375798125865575,0.9753849592726282,0.48283499446290146,0.7746519404194954,0.6705026783171164
frozenset({'22697'}),frozenset({'22699'}),0.037284843252576486,0.042248961312253815,0.029191172503102575,0.7829232995658466,18.531184560477442,1.0,0.027615926602991024,4.412039784888218,0.9826758229610874,0.5798499464094319,0.773347465400216,0.7369278055939068
"frozenset({'21931', '22386'})",frozenset({'85099B'}),0.015162143204014461,0.08633248799438839,0.011870717099228403,0.7829181494661921,9.068638790035585,1.0,0.010561731553098627,4.208861817599619,0.9034277688123842,0.1324503311258278,0.7624060747686138,0.460209074733096
"frozenset({'22726', '22730'})",frozenset({'22727'}),0.014838396374035504,0.04732099498192414,0.01160092807424594,0.7818181818181817,16.521592204830515,1.0,0.010898760393890403,4.36644543966618,0.9536233877726743,0.22945570971184628,0.770980763685793,0.5134860578418161
frozenset({'84596F'}),frozenset({'84596B'}),0.01553984783898991,0.01947876760373388,0.012140506124210868,0.7812500000000001,40.10777354570638,1.0,0.011837809039557797,4.482382776668647,0.9904587558235132,0.5306603773584906,0.77690437211094,0.7022593490304709
"frozenset({'22726', '22728'})",frozenset({'22727'}),0.01850752711379701,0.04732099498192414,0.014406733934063562,0.7784256559766765,16.449900435821828,1.0,0.01353093933638375,4.29959077264737,0.9569195734578615,0.28016789087093386,0.76741972599772,0.5414363171559551
frozenset({'23254'}),frozenset({'23256'}),0.014892354179031998,0.01748232881886365,0.011546970269249448,0.7753623188405797,44.351203256396495,1.0,0.011286617236604632,4.373788342677316,0.9922293279904417,0.5544041450777203,0.7713652509787723,0.7179280730005368
"frozenset({'20725', '23203'})",frozenset({'23209'}),0.013921113689095127,0.0542815518264717,0.010737603194302055,0.7713178294573644,14.209575878064944,1.0,0.009981943540105233,4.135514569979159,0.942749039314218,0.1868544600938967,0.7581921226298474,0.4845654753648651
"frozenset({'22411', '22386'})",frozenset({'85099B'}),0.01316570441914423,0.08633248799438839,0.010144067339340635,0.7704918032786885,8.924702868852458,1.0,0.0090074393206372,3.9809798737387356,0.8997979252730683,0.11352657004830916,0.7488055625207544,0.4439959016393442
frozenset({'23174'}),frozenset({'23175'}),0.014460691739060056,0.014676522959046026,0.011115307829277506,0.7686567164179104,52.37321663740123,1.0,0.010903075154965504,4.259140191080252,0.9952989828814727,0.6167664670658684,0.7652108277407116,0.7630048287971906
frozenset({'23175'}),frozenset({'23174'}),0.014676522959046026,0.014460691739060056,0.011115307829277506,0.7573529411764707,52.373216637401235,1.0,0.010903075154965504,4.0616165431359965,0.9955169991966539,0.6167664670658684,0.753792612035233,0.7630048287971906
frozenset({'23171'}),frozenset({'23172'}),0.01456860734905304,0.012086548319214374,0.010899476609291534,0.7481481481481481,61.89923941798941,1.0,0.010723392432623543,3.9225975287325308,0.9983898625311254,0.6917808219178082,0.745066886756766,0.8249669312169312
"frozenset({'20726', '22384'})",frozenset({'20725'}),0.017158581988884692,0.06955161064047914,0.01278799978416878,0.7452830188679245,10.71553932403355,1.0,0.011594592770535133,3.652871454522563,0.9225064889488076,0.172992700729927,0.7262427620435655,0.4645732394572361
frozenset({'82581'}),frozenset({'82580'}),0.016295257108940808,0.02066583931365672,0.012140506124210868,0.7450331125827815,36.0514325730984,1.0,0.011803750959222774,3.8410248899646193,0.9883675546535509,0.48913043478260876,0.7396528195865945,0.6662502377535318
"frozenset({'22699', '22423'})",frozenset({'22697'}),0.02266227809852695,0.037284843252576486,0.016834835158905735,0.7428571428571429,19.92383708910482,1.0,0.01598987567225586,3.7438922762399804,0.9718328102637713,0.3904881101376721,0.7328982977564975,0.597188339880091
frozenset({'84997C'}),frozenset({'84997D'}),0.016619003938919765,0.02287810931851292,0.012302379539200345,0.7402597402597402,32.35668341092869,1.0,0.011922168150320942,3.761919279123724,0.9854720477462519,0.4523809523809524,0.7341782409980543,0.638997794658172
"frozenset({'22662', '20726'})",frozenset({'22382'}),0.013651324664112664,0.05331031133653483,0.010090109534344143,0.7391304347826088,13.864680513994017,1.0,0.00936235316634418,3.6289771398766173,0.9407163084052,0.17741935483870971,0.7244402592092384,0.46420084492166874
"frozenset({'21931', '22411'})",frozenset({'85099B'}),0.013651324664112664,0.08633248799438839,0.010090109534344143,0.7391304347826088,8.561440217391304,1.0,0.008911556711672139,3.5023921293548455,0.8954209035911957,0.11224489795918367,0.7144808567782489,0.42800271739130435
frozenset({'22804'}),frozenset({'85123A'}),0.02206874224356553,0.10672853828306264,0.016295257108940808,0.7383863080684597,6.918358669076221,1.0,0.013939892507539383,3.41446754992736,0.8747619416499435,0.1448441247002398,0.7071285682532628,0.44553289114241995
frozenset({'22746'}),"frozenset({'22745', '22748'})",0.013597366859116172,0.013705282469109157,0.01003615172934765,0.738095238095238,53.85479940007498,1.0,0.00984979597570736,3.7658525578452187,0.9949603942750361,0.58125,0.7344558809354476,0.7351893513310837
frozenset({'22578'}),frozenset({'22577'}),0.02336372956348136,0.02498246371337614,0.017212539793881185,0.7367205542725173,29.489507629227997,1.0,0.01662885626785238,3.7033560808079655,0.9892010599421535,0.5528596187175043,0.7299746559121507,0.7128527177410102
frozenset({'22748'}),frozenset({'22745'}),0.01866940052878649,0.017050666378891705,0.013705282469109157,0.7341040462427746,43.054273066510575,1.0,0.013386956749198915,3.696744232966342,0.9953562053712331,0.6225490196078433,0.7294916994575035,0.7689507572986025
frozenset({'22617'}),frozenset({'22138'}),0.02287810931851292,0.0460799654670048,0.016780877353909242,0.7334905660377359,15.917775948919624,1.0,0.015726654866561805,3.579310572053009,0.9591200055256672,0.32161323681489135,0.7206165880636551,0.5488295921523574
"frozenset({'22745', '22748'})",frozenset({'22746'}),0.013705282469109157,0.013597366859116172,0.01003615172934765,0.7322834645669292,53.85479940007499,1.0,0.00984979597570736,3.6845039532027135,0.9950692580415743,0.58125,0.7285930446266012,0.7351893513310837
frozenset({'23174'}),frozenset({'23173'}),0.014460691739060056,0.01910106296875843,0.010575729779312577,0.7313432835820894,38.288093431149335,1.0,0.010299515195832986,3.651123821171842,0.9881718688022705,0.46009389671361506,0.7261117264220729,0.6425077999831351
frozenset({'23300'}),frozenset({'23301'}),0.03426320617277289,0.040792100577348514,0.02498246371337614,0.7291338582677166,17.874388618089405,1.0,0.02358479556107396,3.54126172170572,0.9775479577456802,0.4989224137931035,0.7176147716305109,0.6707838603507895
frozenset({'21094'}),frozenset({'21086'}),0.017536286623860142,0.015377974424000431,0.012734041979172286,0.726153846153846,47.220383265856945,1.0,0.012464369411978624,3.5955298686764015,0.9962940018915136,0.6310160427807485,0.721876875864162,0.7771120107962213
frozenset({'22579'}),frozenset({'22577'}),0.014892354179031998,0.02498246371337614,0.010791560999298549,0.7246376811594203,29.005853444767897,1.0,0.010419513301414137,3.5408531580935287,0.9801205017253657,0.37105751391465674,0.7175821884298581,0.5783015619619996
"frozenset({'22697', '22423'})",frozenset({'22698'}),0.020180219068688287,0.030000539578049965,0.014622565154049534,0.7245989304812834,24.152863270880623,1.0,0.014017147693185633,3.5221339630855275,0.978340160074325,0.4112291350531108,0.7160812136958128,0.6060045012118648
"frozenset({'22386', '23203'})",frozenset({'85099B'}),0.014298818324070577,0.08633248799438839,0.010359898559326607,0.7245283018867924,8.392301886792453,1.0,0.009125445998029842,3.316738228513521,0.8936209035836798,0.11476389719067542,0.6984989676293583,0.4222641509433962
frozenset({'21136'}),frozenset({'84879'}),0.018993147358765446,0.07419198187017752,0.013759240274105649,0.7244318181818181,9.764287190082644,1.0,0.012350101029606512,3.3596332204298704,0.9149640165179982,0.1732336956521739,0.7023484605643802,0.4549431818181818
"frozenset({'22697', '22699'})",frozenset({'22698'}),0.029191172503102575,0.030000539578049965,0.02104354394863217,0.7208872458410351,24.029142674769613,1.0,0.020167793022623157,3.4752960800548016,0.9872014342556805,0.5516265912305517,0.712254732556706,0.7111630473809493
"frozenset({'23200', '23203'})",frozenset({'23199'}),0.014622565154049534,0.038741703987481786,0.010467814169319592,0.7158671586715867,18.477947147159494,1.0,0.00990131107858374,3.383129847005096,0.9599178960988229,0.2440251572327044,0.7044157199921705,0.49303107237200505
frozenset({'47590A'}),frozenset({'47590B'}),0.019155020773754923,0.019370851993740893,0.013705282469109157,0.7154929577464789,36.9365765624387,1.0,0.013334233396763718,3.446765817249723,0.9919269463910256,0.5521739130434783,0.7098729495936774,0.7115069245556908
frozenset({'47590B'}),frozenset({'47590A'}),0.019370851993740893,0.019155020773754923,0.013705282469109157,0.7075208913649026,36.9365765624387,1.0,0.013334233396763718,3.3535556908783053,0.9921452641958877,0.5521739130434783,0.7018090372794443,0.7115069245556908
frozenset({'23175'}),frozenset({'23173'}),0.014676522959046026,0.01910106296875843,0.010359898559326607,0.7058823529411765,36.95513459621137,1.0,0.01007956137012344,3.335056385906222,0.9874322326269098,0.44239631336405527,0.7001549946124003,0.6241276171485544
frozenset({'21094'}),frozenset({'21080'}),0.017536286623860142,0.03949711325743269,0.012356337344196838,0.7046153846153845,17.839667927700713,1.0,0.011663704645299432,3.2517024811597324,0.9607939021956855,0.27657004830917875,0.6924687895667053,0.5087284573350147
"frozenset({'20726', '22383'})",frozenset({'20725'}),0.019532725408730373,0.06955161064047914,0.013759240274105649,0.7044198895027624,10.128016921764697,1.0,0.01240070776173024,3.147872121010715,0.9192188371688998,0.1826647564469914,0.6823250876916431,0.45112383148528346
frozenset({'21933'}),frozenset({'21932'}),0.015270058814007446,0.017212539793881185,0.010737603194302055,0.7031802120141343,40.85278642400611,1.0,0.010474766699311047,3.3110577528372813,0.9906491360914159,0.49379652605459057,0.6979817101821648,0.6635023317123963
frozenset({'22725'}),frozenset({'22727'}),0.017374413208870662,0.04732099498192414,0.01219446392920736,0.7018633540372671,14.831965268383888,1.0,0.011372289408936514,3.195444162664796,0.9490675430535759,0.2322713257965056,0.6870544596948727,0.4797800236548935
frozenset({'22698'}),"frozenset({'22697', '22699'})",0.030000539578049965,0.029191172503102575,0.02104354394863217,0.7014388489208634,24.029142674769613,1.0,0.020167793022623157,3.2516247475197297,0.9880251546491741,0.5516265912305517,0.69246143769733,0.7111630473809493
"frozenset({'22383', '22384'})",frozenset({'20725'}),0.021583121998597098,0.06955161064047914,0.015108185399017968,0.7,10.064468580294802,1.0,0.013607044501365583,3.1014946311984026,0.9205079925313754,0.198722498225692,0.6775748086290884,0.458611326609775
frozenset({'23170'}),frozenset({'23171'}),0.01769816003884962,0.01456860734905304,0.012356337344196838,0.6981707317073171,47.92295618789522,1.0,0.012098499799790137,3.264863603934451,0.9967742438434665,0.6205962059620598,0.6937084909780271,0.7731594399277326
frozenset({'23294'}),frozenset({'23293'}),0.015701721253979388,0.025090379323369126,0.010899476609291534,0.6941580756013745,27.66630454864575,1.0,0.010505514466999384,3.18762583839213,0.979230553797623,0.3646209386281588,0.6862868947930194,0.564283338875956
"frozenset({'20725', '22662'})",frozenset({'22382'}),0.01667296174391626,0.05331031133653483,0.011546970269249448,0.6925566343042071,12.991044639230639,1.0,0.010658129487779137,3.079232776810639,0.9386743782462073,0.19759926131117267,0.6752437790572738,0.45457791229380395
frozenset({'22699'}),frozenset({'22697'}),0.042248961312253815,0.037284843252576486,0.029191172503102575,0.6909323116219669,18.531184560477442,1.0,0.027615926602991024,3.1149006931125323,0.9877691286350265,0.5798499464094319,0.6789624779335227,0.7369278055939068
"frozenset({'22384', '23209'})",frozenset({'20725'}),0.016726919548912752,0.06955161064047914,0.011546970269249448,0.6903225806451613,9.925328461673216,1.0,0.01038358607356885,3.004572923973453,0.9145451906571801,0.15451263537906137,0.6671739960042202,0.42817137566005153
frozenset({'22577'}),frozenset({'22578'}),0.02498246371337614,0.02336372956348136,0.017212539793881185,0.6889848812095033,29.489507629228,1.0,0.01662885626785238,3.140156897306307,0.9908433417240166,0.5528596187175043,0.6815445747765594,0.7128527177410102
frozenset({'22630'}),frozenset({'22629'}),0.03323800787783953,0.03798629471753089,0.02287810931851292,0.6883116883116882,18.12000073789846,1.0,0.021615520555441695,3.086460637781254,0.9772957273633873,0.4732142857142856,0.6760042918548722,0.6452922077922076
frozenset({'22729'}),frozenset({'22727'}),0.019370851993740893,0.04732099498192414,0.013273620029137215,0.6852367688022285,14.480607794996237,1.0,0.012356972039145807,3.026652768154773,0.949331484896229,0.24848484848484848,0.6696020070350986,0.48286923958925565
frozenset({'23295'}),frozenset({'23293'}),0.019370851993740893,0.025090379323369126,0.013273620029137215,0.6852367688022285,27.310737712283228,1.0,0.012787598004797415,3.0972792373708904,0.9824145724124789,0.4256055363321799,0.6771359882782655,0.6071345134333723
"frozenset({'22727', '22730'})",frozenset({'22726'}),0.016942750768898722,0.042572708142232775,0.01160092807424594,0.6847133757961783,16.083387824626833,1.0,0.010879629290635025,3.036688582255948,0.9539872124296512,0.2421171171171171,0.6706939243479808,0.47860510361418546
"frozenset({'22384', '22382'})",frozenset({'20725'}),0.019802514433712837,0.06955161064047914,0.013543409054119679,0.6839237057220708,9.833326639369387,1.0,0.012166112280523615,2.943746197370208,0.9164530910816713,0.1786476868327402,0.6602968010987671,0.439324149214798
frozenset({'22569'}),frozenset({'22570'}),0.015863594668968865,0.01748232881886365,0.01084551880429504,0.6836734693877551,39.10654446963971,1.0,0.010568186226042954,3.1060236056693986,0.9901359478172491,0.48201438848920863,0.6780449452558222,0.6520219198790627
"frozenset({'22662', '22383'})",frozenset({'22382'}),0.01618734149894782,0.05331031133653483,0.011061350024281012,0.6833333333333333,12.818033063427801,1.0,0.010198397809261293,2.989546385253048,0.9371549575749144,0.18928901200369347,0.6655010924289921,0.44541160593792173
"frozenset({'22662', '22383'})",frozenset({'20725'}),0.01618734149894782,0.06955161064047914,0.010953434414288027,0.6766666666666667,9.728986294284978,1.0,0.009827578741048738,2.877675431008828,0.9119768492088859,0.1464646464646465,0.6524972937446842,0.41707654512542025
"frozenset({'85099B', '22384'})",frozenset({'20725'}),0.01494631198402849,0.06955161064047914,0.010090109534344143,0.6750902527075813,9.706320910341043,1.0,0.009050569462719867,2.863713376139859,0.910584228114001,0.135605511240029,0.6508030418365579,0.410081976625319
"frozenset({'22727', '22728'})",frozenset({'22726'}),0.021367290778611128,0.042572708142232775,0.014406733934063562,0.6742424242424242,15.837433268041632,1.0,0.013497070499955528,2.9390791284936104,0.9573136545629921,0.2908496732026144,0.6597573742383255,0.5063227330337596
frozenset({'23296'}),frozenset({'23293'}),0.017212539793881185,0.025090379323369126,0.01160092807424594,0.6739811912225705,26.862136380490103,1.0,0.011169058921698874,2.990347778806204,0.9796348834655683,0.3778558875219683,0.6655907359380063,0.5681733913102099
frozenset({'21086'}),frozenset({'21080'}),0.015377974424000431,0.03949711325743269,0.010359898559326607,0.6736842105263159,17.056542996836356,1.0,0.00975251296183196,2.9434765884046428,0.9560739533099518,0.23272727272727273,0.660265685842605,0.46798964624676453
frozenset({'21733'}),frozenset({'85123A'}),0.03663734959261857,0.10672853828306264,0.024658716883397182,0.6730486008836524,6.306172760453352,1.0,0.020748466114811442,2.732123074350452,0.8734251976706762,0.20772727272727273,0.6339842778723485,0.4520450284499152
frozenset({'22726'}),frozenset({'22727'}),0.042572708142232775,0.04732099498192414,0.028597636648141155,0.6717363751584284,14.1953138435703,1.0,0.026583053739775635,2.9021765828542936,0.9708875282848732,0.4665492957746479,0.6554310285914791,0.6380346642040717
frozenset({'22730'}),frozenset({'22727'}),0.025252252738358603,0.04732099498192414,0.016942750768898722,0.670940170940171,14.178488241772165,1.0,0.015747789043784575,2.8951543788861014,0.9535499020698435,0.3045586808923375,0.6545952757155749,0.5144894697346237
"frozenset({'23206', '22384'})",frozenset({'20725'}),0.015647763448982895,0.06955161064047914,0.010467814169319592,0.6689655172413793,9.618260613680748,1.0,0.009379487018521614,2.810729509523553,0.9102748632295625,0.14007220216606497,0.6442204784872699,0.4097348920574624
frozenset({'22697'}),frozenset({'22698'}),0.037284843252576486,0.030000539578049965,0.024820590298386663,0.6657018813314037,22.18966360919947,1.0,0.023702024882726352,2.901600117539253,0.9919174590487517,0.5844980940279544,0.6553625725490853,0.7465200054139034
frozenset({'23200'}),frozenset({'23199'}),0.02536016834835159,0.038741703987481786,0.016834835158905735,0.6638297872340425,17.134759675220767,1.0,0.015852339023681192,2.859439234973946,0.9661405877150769,0.3561643835616438,0.650281080370952,0.5491850886030937
"frozenset({'22384', '20727'})",frozenset({'20725'}),0.025036421518372633,0.06955161064047914,0.016619003938919765,0.6637931034482759,9.543892619245073,1.0,0.014877680497642999,2.7674875170693447,0.9182096336338409,0.21314878892733566,0.6386614234636336,0.45136901099489046
frozenset({'23294'}),frozenset({'23295'}),0.015701721253979388,0.019370851993740893,0.010413856364323099,0.6632302405498282,34.238568379136396,1.0,0.010109700645865288,2.9118681843859324,0.9862794564499278,0.42231947483588617,0.6565778611263324,0.6004173486871703
"frozenset({'20726', '20727'})",frozenset({'20725'}),0.018723358333782983,0.06955161064047914,0.012410295149193331,0.6628242074927954,9.52996201510006,1.0,0.011108055420479887,2.7595349667329376,0.9121462281066659,0.1635846372688478,0.6376201019174192,0.42062855060442716
frozenset({'22356'}),frozenset({'20724'}),0.026277451033291967,0.03987481789240813,0.017374413208870662,0.6611909650924024,16.581667328900533,1.0,0.016326604634241473,2.8338240223418008,0.9650515280824781,0.3561946902654867,0.6471199368358713,0.5484574581889616
frozenset({'23256'}),frozenset({'23254'}),0.01748232881886365,0.014892354179031998,0.011546970269249448,0.6604938271604939,44.351203256396495,1.0,0.011286617236604632,2.901589793145397,0.9948449031315008,0.5544041450777203,0.6553613462652919,0.7179280730005368
"frozenset({'23199', '23202'})",frozenset({'23203'}),0.01532401661900394,0.05827442939621216,0.010090109534344143,0.6584507042253521,11.29913601982264,1.0,0.009197111209813617,2.757217134551296,0.9256828372106245,0.1588785046728972,0.6373154702004499,0.41579942618675014
"frozenset({'20725', '22662'})",frozenset({'22383'}),0.01667296174391626,0.05627799061134193,0.010953434414288027,0.656957928802589,11.673443235377164,1.0,0.010015113629800645,2.751038687746182,0.9298386364324422,0.17667536988685814,0.6365009316465626,0.42579440064290525
"frozenset({'85099B', '23202'})",frozenset({'23203'}),0.018615442723789996,0.05827442939621216,0.01219446392920736,0.6550724637681159,11.24116478797638,1.0,0.011109659626520628,2.7302127887252667,0.9283223792406157,0.18849040867389488,0.6337281826055401,0.4321658615136876
"frozenset({'20728', '22384'})",frozenset({'20725'}),0.0230399827335024,0.06955161064047914,0.015054227594021476,0.6533957845433256,9.394401920047676,1.0,0.013451759685777555,2.684469339571051,0.914626609448857,0.19415448851774533,0.6274868983380569,0.43492132128640293
frozenset({'22725'}),frozenset({'22726'}),0.017374413208870662,0.042572708142232775,0.011331139049263476,0.6521739130434783,15.319061001818483,1.0,0.01059146322657967,2.752603464091081,0.9512492449618363,0.23307436182019978,0.6367075704708511,0.4591668044304844
"frozenset({'23206', '20726'})",frozenset({'20725'}),0.016079425888954838,0.06955161064047914,0.010467814169319592,0.6510067114093959,9.360052275058445,1.0,0.009349464200568565,2.666092500280165,0.9077592372208199,0.13926776740847094,0.624919240463369,0.40075548914147063
frozenset({'22745'}),frozenset({'22746'}),0.017050666378891705,0.013597366859116172,0.011061350024281012,0.6487341772151899,47.71027978702029,1.0,0.010829505858334823,2.808137225878552,0.9960230125438982,0.5647382920110193,0.6438920467331718,0.7311131203536267
frozenset({'22910'}),frozenset({'22086'}),0.03760859008255544,0.05287864889656289,0.024334970053418226,0.6470588235294118,12.236674669867948,1.0,0.02234627862294802,2.683510494793072,0.9541631837550205,0.36786296900489396,0.6273537957312476,0.5536314525810324
frozenset({'22728'}),frozenset({'22727'}),0.03307613446285005,0.04732099498192414,0.021367290778611128,0.6460032626427407,13.651514785128748,1.0,0.019802095185673153,2.6912084335303255,0.9584498726100288,0.36197440585009144,0.6284197137832982,0.5487713006486223
frozenset({'21231'}),frozenset({'21232'}),0.020557923703663734,0.031403442507958776,0.013273620029137215,0.6456692913385828,20.560462158725006,1.0,0.012628030454026207,2.7335947289219837,0.9713315202786228,0.3430962343096235,0.6341813256296559,0.5341748518548584
"frozenset({'22383', '23209'})",frozenset({'20725'}),0.0178600334538391,0.06955161064047914,0.01143905465925646,0.6404833836858005,9.208749844723771,1.0,0.010196860566449112,2.5880539233445488,0.9076177094368648,0.1505681818181818,0.6136092872795721,0.4024759819903013
"frozenset({'23206', '20727'})",frozenset({'20725'}),0.01726649759887768,0.06955161064047914,0.011007392219284519,0.6375,9.165855314197051,1.0,0.009806479501162611,2.5667541775435057,0.9065524194633654,0.14519572953736654,0.6104028937601484,0.3978811093871218
"frozenset({'20726', '22382'})",frozenset({'20725'}),0.02185291102357956,0.06955161064047914,0.013921113689095127,0.637037037037037,9.159198919633365,1.0,0.012401208530222087,2.5634802563986794,0.9107220745499702,0.1796657381615599,0.6099053240203784,0.41859609803752545
frozenset({'23343'}),frozenset({'23344'}),0.020773754923649707,0.03161927372794475,0.013219662224140722,0.6363636363636364,20.12581445857896,1.0,0.012562811180852602,2.663046997248152,0.9704729368053151,0.337465564738292,0.6244902921227655,0.5272261867825008
"frozenset({'20728', '20726'})",frozenset({'20725'}),0.019532725408730373,0.06955161064047914,0.012410295149193331,0.6353591160220995,9.135074086297571,1.0,0.011051762636817923,2.551684219304141,0.9082728571326026,0.16185784658691063,0.6081019773392236,0.40689600486907923
frozenset({'21668'}),frozenset({'21669'}),0.017967949063832082,0.018939189553768953,0.011385096854259969,0.6336336336336337,33.456216900661346,1.0,0.011044798461047587,2.6778135235950407,0.9878600072912868,0.44608879492600434,0.6265610016572507,0.6173866173866174
frozenset({'85099F'}),frozenset({'85099B'}),0.03528840446770625,0.08633248799438839,0.022338531268547995,0.6330275229357798,7.332436926605504,1.0,0.019291995513498625,2.4897439702152915,0.8952102336884581,0.22499999999999998,0.5983522755901971,0.4458887614678899
frozenset({'22142'}),frozenset({'22144'}),0.01732045540387417,0.022716235903523445,0.010953434414288027,0.6323987538940811,27.83906438460571,1.0,0.010559978863377164,2.658543120974314,0.9810718640554217,0.37662337662337664,0.6238541357066588,0.557292013526613
"frozenset({'23206', '22382'})",frozenset({'20725'}),0.016726919548912752,0.06955161064047914,0.010575729779312577,0.632258064516129,9.090487749943692,1.0,0.009412345583631979,2.5301666728197496,0.9051350222358603,0.1397006414825374,0.6047691202550115,0.39215696088490704
"frozenset({'23206', '20727'})",frozenset({'22383'}),0.01726649759887768,0.05627799061134193,0.010899476609291534,0.63125,11.216640699904122,1.0,0.009927752819531137,2.559246127155683,0.9268502043747447,0.1739879414298019,0.6092599342481417,0.4124610498561841
"frozenset({'22699', '22423'})",frozenset({'22698'}),0.02266227809852695,0.030000539578049965,0.014298818324070577,0.6309523809523809,21.03136776293251,1.0,0.013618937753046945,2.6283856346917354,0.9745372082388444,0.3727144866385373,0.6195383254264046,0.553785542994176
frozenset({'22750'}),frozenset({'22749'}),0.020396050288674257,0.02163707980359359,0.012841957589165273,0.6296296296296297,29.099565900064654,1.0,0.01240064662139112,2.641579884530297,0.9857404377338929,0.4399260628465804,0.621438667875906,0.6115729195529694
"frozenset({'20726', '22384'})",frozenset({'22382'}),0.017158581988884692,0.05331031133653483,0.010791560999298549,0.6289308176100629,11.79754538741629,1.0,0.009876831651377647,2.551248483008321,0.9312149327477354,0.18083182640144668,0.6080350437598914,0.41567998370381687
frozenset({'22386'}),frozenset({'85099B'}),0.04699724815194518,0.08633248799438839,0.02946096152808504,0.6268656716417911,7.2610634328358215,1.0,0.02540357216623794,2.448628932175039,0.9048023467115303,0.2836363636363637,0.5916081906654056,0.48405783582089557
frozenset({'21932'}),frozenset({'21933'}),0.017212539793881185,0.015270058814007446,0.010737603194302055,0.6238244514106582,40.85278642400611,1.0,0.010474766699311047,2.617740426986096,0.9926071556861943,0.49379652605459057,0.6179911538626701,0.6635023317123963
frozenset({'84596B'}),frozenset({'84596F'}),0.01947876760373388,0.01553984783898991,0.012140506124210868,0.6232686980609419,40.10777354570637,1.0,0.011837809039557797,2.6131626097803284,0.9944375963020032,0.5306603773584906,0.6173219392251815,0.7022593490304709
"frozenset({'20726', '22384'})",frozenset({'20727'}),0.017158581988884692,0.05676361085631036,0.010683645389305564,0.6226415094339623,10.96902575507569,1.0,0.009709662318442417,2.499576431230778,0.9247007544564503,0.16894197952218434,0.5999322175127066,0.40542721859530817
"frozenset({'20728', '20727'})",frozenset({'20725'}),0.022716235903523445,0.06955161064047914,0.014136944909081099,0.6223277909738717,8.947712141286862,1.0,0.012556994114301964,2.4636400749708067,0.9088860575755942,0.18093922651933705,0.5940965524309189,0.4127930653860825
"frozenset({'23199', '23200'})",frozenset({'23203'}),0.016834835158905735,0.05827442939621216,0.010467814169319592,0.6217948717948718,10.67011514719848,1.0,0.00948677375645507,2.4899862544778117,0.9217986270514875,0.16193656093489148,0.5983913573010003,0.4007122507122507
frozenset({'22748'}),frozenset({'22746'}),0.01866940052878649,0.013597366859116172,0.01160092807424594,0.6213872832369942,45.699089365996876,1.0,0.011347073386216253,2.605307718066762,0.9967260028566277,0.5613577023498694,0.6161681811843561,0.7372809432057987
frozenset({'22570'}),frozenset({'22569'}),0.01748232881886365,0.015863594668968865,0.01084551880429504,0.6203703703703703,39.10654446963971,1.0,0.010568186226042954,2.5923593116036914,0.9917672333592623,0.48201438848920863,0.6142510046644045,0.6520219198790627
"frozenset({'23209', '20727'})",frozenset({'20725'}),0.018021906868828576,0.06955161064047914,0.011169265634273997,0.6197604790419161,8.910799812322601,1.0,0.009915812984734255,2.447006000362834,0.9040696879613017,0.14618644067796607,0.5913373322943535,0.3901750416931846
"frozenset({'20728', '20727'})",frozenset({'22384'}),0.022716235903523445,0.050234716451734746,0.014029029299088114,0.6175771971496438,12.293832647448278,1.0,0.012887885629623896,2.483547729029936,0.9400119342892089,0.23809523809523808,0.5973501985441625,0.4484233998637585
frozenset({'22570'}),frozenset({'22568'}),0.01748232881886365,0.022500404683537475,0.010791560999298549,0.6172839506172839,27.4343488172425,1.0,0.010398201526063447,2.5541118458268857,0.98069416222747,0.3696857670979667,0.6084744676965181,0.5484501287858602
"frozenset({'20726', '22384'})",frozenset({'20728'}),0.017158581988884692,0.052123239626611986,0.010575729779312577,0.6163522012578616,11.824902014401605,1.0,0.009681368898653071,2.4706951622847324,0.931414454335124,0.18014705882352944,0.5952556125640092,0.40962537599124965
"frozenset({'20726', '22384'})",frozenset({'22383'}),0.017158581988884692,0.05627799061134193,0.010575729779312577,0.6163522012578616,10.951922671056519,1.0,0.009610079263238184,2.459865565455682,0.9245558997686365,0.1682403433476395,0.5934737190344167,0.402135832172555
"frozenset({'22382', '20727'})",frozenset({'20725'}),0.022554362488533968,0.06955161064047914,0.013867155884098635,0.6148325358851674,8.83994677079892,1.0,0.012298463646051893,2.4156983028091905,0.9073416595873103,0.17724137931034484,0.5860410222430879,0.4071059498665558
"frozenset({'22384', '22382'})",frozenset({'20727'}),0.019802514433712837,0.05676361085631036,0.012140506124210868,0.6130790190735695,10.800564125941507,1.0,0.011016443900919123,2.437801090251649,0.9257443086596451,0.18844221105527642,0.5897942600818297,0.4134786730348836
frozenset({'22729'}),frozenset({'22726'}),0.019370851993740893,0.042572708142232775,0.011870717099228403,0.6128133704735376,14.394512287688304,1.0,0.011046047470832484,2.472779840121859,0.9489102814210111,0.23706896551724135,0.5955968324496208,0.4458236687602162
frozenset({'23301'}),frozenset({'23300'}),0.040792100577348514,0.03426320617277289,0.02498246371337614,0.6124338624338624,17.874388618089405,1.0,0.02358479556107396,2.4917986898750297,0.9842016846336379,0.4989224137931035,0.598683471476521,0.6707838603507895
frozenset({'22627'}),frozenset({'22624'}),0.016403172718933795,0.033453839097825504,0.01003615172934765,0.6118421052631579,18.2891447368421,1.0,0.009487402628514599,2.490085024697127,0.9610876442298901,0.25203252032520324,0.5984072872685817,0.4559210526315789
"frozenset({'20728', '22382'})",frozenset({'22383'}),0.021097501753628664,0.05627799061134193,0.012895915394161765,0.6112531969309463,10.861318790720256,1.0,0.011708590388548282,2.427600695203719,0.9274980407930188,0.19999999999999998,0.5880706402928089,0.4201999445824434
"frozenset({'20728', '22383'})",frozenset({'20725'}),0.02438892785841472,0.06955161064047914,0.014892354179031998,0.6106194690265487,8.779372086477135,1.0,0.013196064964684803,2.389560636309679,0.90824782841144,0.18839590443686008,0.5815130259492594,0.41236947074290975
"frozenset({'20728', '22384'})",frozenset({'20727'}),0.0230399827335024,0.05676361085631036,0.014029029299088114,0.6088992974238876,10.726930303381092,1.0,0.012721196685067474,2.4117481327206916,0.9281615104215347,0.21328958162428224,0.5853630043565533,0.4280237931986358
"frozenset({'20728', '20725'})",frozenset({'22384'}),0.02476663249339017,0.050234716451734746,0.015054227594021476,0.607843137254902,12.100061077062405,1.0,0.0138100828332517,2.421901473048077,0.9406525859637975,0.25112511251125114,0.5871012875096636,0.4537604515490407
"frozenset({'22698', '22699'})",frozenset({'22423'}),0.023525602978470835,0.09189014190902714,0.014298818324070577,0.6077981651376148,6.614400114207524,1.0,0.012137047327883461,2.315414608933709,0.8692646857969789,0.14140875133404482,0.5681119069813081,0.38170295808260657
"frozenset({'22383', '22384'})",frozenset({'20727'}),0.021583121998597098,0.05676361085631036,0.013111746614147737,0.6075,10.702278992395438,1.0,0.0118866106759551,2.4031500360348783,0.9265600152871366,0.20099255583126555,0.5838794977404039,0.4192442965779468
"frozenset({'22383', '22382'})",frozenset({'20725'}),0.024119138833432256,0.06955161064047914,0.014622565154049534,0.6062639821029083,8.716749713198759,1.0,0.012945040200922993,2.3631274434301472,0.9071582145656689,0.18498293515358366,0.5768319635996985,0.408252239305915
"frozenset({'23206', '22383'})",frozenset({'20725'}),0.019424809798737386,0.06955161064047914,0.011762801489235418,0.6055555555555555,8.706564089302645,1.0,0.010411774681348272,2.358883240629771,0.9026784871396573,0.15234102026554858,0.5760705817160235,0.38733945349538834
"frozenset({'20726', '20727'})",frozenset({'22382'}),0.018723358333782983,0.05331031133653483,0.011331139049263476,0.6051873198847262,11.352162550023918,1.0,0.010332990987224,2.397819868366587,0.9293108775457836,0.18666666666666665,0.5829544941250288,0.4088689635860878
"frozenset({'22384', '22382'})",frozenset({'20728'}),0.019802514433712837,0.052123239626611986,0.01197863270922139,0.6049046321525886,11.605276964476113,1.0,0.010946461504183533,2.3991087659105754,0.9322940688128402,0.19981998199819986,0.5831785477135495,0.41735914837443094
frozenset({'22727'}),frozenset({'22726'}),0.04732099498192414,0.042572708142232775,0.028597636648141155,0.6043329532497149,14.1953138435703,1.0,0.026583053739775635,2.419780216020927,0.9757265689786356,0.4665492957746479,0.5867393272417136,0.6380346642040717
"frozenset({'22383', '23209'})",frozenset({'23206'}),0.0178600334538391,0.04672745912696272,0.010791560999298549,0.6042296072507553,12.930932229997975,1.0,0.009957007016078096,2.4086504658700405,0.9394445665311505,0.20060180541624875,0.5848297566750579,0.41758824473392264
"frozenset({'22382', '20727'})",frozenset({'22383'}),0.022554362488533968,0.05627799061134193,0.013597366859116172,0.6028708133971292,10.712372756173535,1.0,0.012328052658741654,2.37636024050879,0.927570767013218,0.20843672456575682,0.5791883810571181,0.4222407758260814
"frozenset({'23199', '23203'})",frozenset({'23200'}),0.017374413208870662,0.02536016834835159,0.010467814169319592,0.6024844720496895,23.75711642658914,1.0,0.010027196125388809,2.451828326498678,0.9748447041467518,0.3244147157190636,0.5921411017271159,0.507625214748249
"frozenset({'20726', '20727'})",frozenset({'22383'}),0.018723358333782983,0.05627799061134193,0.011277181244266984,0.6023054755043228,10.702327303472305,1.0,0.010223468259745554,2.372982154042495,0.9238601437458858,0.17696867061812022,0.5785893297610986,0.40134449230633207
frozenset({'22629'}),frozenset({'22630'}),0.03798629471753089,0.03323800787783953,0.02287810931851292,0.6022727272727272,18.12000073789846,1.0,0.021615520555441695,2.4307158659071457,0.9821194428834937,0.4732142857142856,0.5885985630711309,0.6452922077922076
"frozenset({'20726', '22383'})",frozenset({'22382'}),0.019532725408730373,0.05331031133653483,0.011762801489235418,0.6022099447513812,11.296312657973026,1.0,0.010721505816444956,2.3798726895567666,0.9296338201964113,0.19257950530035337,0.5798094560317668,0.41142885901536674
"frozenset({'22383', '20727'})",frozenset({'20725'}),0.025090379323369126,0.06955161064047914,0.015108185399017968,0.6021505376344086,8.657607380898755,1.0,0.01336310910549707,2.338694600282039,0.9072580963977355,0.1899592944369064,0.5724110365331997,0.4096865954269793
"frozenset({'23209', '22382'})",frozenset({'20725'}),0.01667296174391626,0.06955161064047914,0.01003615172934765,0.6019417475728155,8.654605436591924,1.0,0.008876520385911182,2.337467904976357,0.8994510960378373,0.13172804532577903,0.5721866392813146,0.37311982646290115
frozenset({'20723'}),frozenset({'20724'}),0.02654724005827443,0.03987481789240813,0.01597151027896185,0.6016260162601625,15.087868686535309,1.0,0.014912943916092117,2.4101101510047713,0.9591853091381943,0.3165775401069518,0.5850812048639762,0.5010836441246685
"frozenset({'20728', '20725'})",frozenset({'22383'}),0.02476663249339017,0.05627799061134193,0.014892354179031998,0.6013071895424836,10.684588824344056,1.0,0.01349853786809443,2.3670404497781092,0.9294260070916186,0.22512234910277326,0.5775315119377272,0.4329642371489983
frozenset({'21669'}),frozenset({'21668'}),0.018939189553768953,0.017967949063832082,0.011385096854259969,0.6011396011396012,33.45621690066135,1.0,0.011044798461047587,2.4620946419899643,0.988837978918789,0.44608879492600434,0.5938417707648478,0.6173866173866174
"frozenset({'22662', '22382'})",frozenset({'20725'}),0.019208978578751416,0.06955161064047914,0.011546970269249448,0.601123595505618,8.642842199771621,1.0,0.010210954870338825,2.332673426844996,0.9016164517241928,0.14954577218728166,0.5713073298251925,0.3835718830902799
"frozenset({'20728', '22382'})",frozenset({'20725'}),0.021097501753628664,0.06955161064047914,0.012680084174175795,0.6010230179028133,8.641396113881179,1.0,0.011212718946720587,2.332085386151107,0.903336093278322,0.16262975778546712,0.5711992339824193,0.3916674437846107
frozenset({'23170'}),frozenset({'23172'}),0.01769816003884962,0.012086548319214374,0.01062968758430907,0.600609756097561,49.69241343641115,1.0,0.010415777917838326,2.47355429123128,0.997530661097456,0.5549295774647888,0.5957234480177015,0.7400370209059233
"frozenset({'20728', '20727'})",frozenset({'22383'}),0.022716235903523445,0.05627799061134193,0.013597366859116172,0.5985748218527316,10.636037558386073,1.0,0.012318942748212651,2.350928792619083,0.9270388569886141,0.2079207920792079,0.5746362020238236,0.42009278005388256
frozenset({'22866'}),frozenset({'22865'}),0.025414126153348083,0.03086386445799385,0.015162143204014461,0.5966029723991507,19.330144908170386,1.0,0.014377765059099169,2.4024374728436046,0.9729951519302237,0.36876640419947504,0.5837560763584132,0.543930856828946
"frozenset({'20725', '20726'})",frozenset({'22382'}),0.02336372956348136,0.05331031133653483,0.013921113689095127,0.5958429561200923,11.176880066572542,1.0,0.012675585992083334,2.3423807725216017,0.9323118763116194,0.22184006878761822,0.57308392737382,0.42848827967947933
"frozenset({'20725', '20727'})",frozenset({'22384'}),0.027896185183186747,0.050234716451734746,0.016619003938919765,0.5957446808510638,11.859222524396095,1.0,0.015217646986157294,2.349419385619393,0.9419543738898756,0.27017543859649124,0.5743629229753872,0.46328587426011836
frozenset({'23296'}),frozenset({'23295'}),0.017212539793881185,0.019370851993740893,0.010251982949333622,0.5956112852664577,30.747810445245854,1.0,0.009918561388549975,2.4249666528216793,0.9844217576993983,0.389344262295082,0.5876231952153219,0.5624295980649838
frozenset({'22662'}),frozenset({'22382'}),0.03226676738790266,0.05331031133653483,0.019208978578751416,0.5953177257525083,11.167027744302871,1.0,0.017488827163478778,2.3393406356229423,0.9408074726775528,0.28943089430894314,0.5725291200553568,0.47782080619609224
frozenset({'22749'}),frozenset({'22750'}),0.02163707980359359,0.020396050288674257,0.012841957589165273,0.5935162094763092,29.099565900064654,1.0,0.01240064662139112,2.4099459130935066,0.9869908254499683,0.4399260628465804,0.5850529281313378,0.6115729195529694
"frozenset({'23206', '23209'})",frozenset({'20725'}),0.020503965898667244,0.06955161064047914,0.012140506124210868,0.5921052631578947,8.513178310399738,1.0,0.010714422271441102,2.2810992771394702,0.9010093219975884,0.15581717451523547,0.5616148713816552,0.38332959046180226
frozenset({'22625'}),frozenset({'22624'}),0.02417309663842875,0.033453839097825504,0.014298818324070577,0.5915178571428572,17.68161362327189,1.0,0.013490135438632395,2.36618950865669,0.9668149879239022,0.3300124533001245,0.5773795816685409,0.5094686059907834
frozenset({'21928'}),frozenset({'85099B'}),0.029245130308099068,0.08633248799438839,0.01726649759887768,0.5904059040590406,6.838745387453875,1.0,0.014741692737659393,2.2306657275091957,0.8794953032071591,0.1756311745334797,0.5517033378566231,0.39520295202952027
"frozenset({'22697', '22698'})",frozenset({'22423'}),0.024820590298386663,0.09189014190902714,0.014622565154049534,0.5891304347826087,6.411247415047614,1.0,0.012341797589264961,2.210214469427765,0.8655064954898982,0.14323467230443976,0.5475552197163451,0.3741306900865481
frozenset({'84997B'}),frozenset({'84997D'}),0.017590244428856636,0.02287810931851292,0.010359898559326607,0.5889570552147239,25.74325732144924,1.0,0.009957467024343861,2.37717713703108,0.9783645484337524,0.34408602150537637,0.5793329893585774,0.5208936219469846
"frozenset({'20725', '20726'})",frozenset({'22383'}),0.02336372956348136,0.05627799061134193,0.013759240274105649,0.5889145496535796,10.46438480223374,1.0,0.012444376521086114,2.295683314973533,0.9260743148087965,0.2088452088452088,0.5643998484122236,0.41670080311058655
"frozenset({'20725', '22384'})",frozenset({'20727'}),0.028219932013165704,0.05676361085631036,0.016619003938919765,0.5889101338432122,10.374782804673243,1.0,0.015017138699732892,2.294477355916975,0.929852823467482,0.24309392265193372,0.5641709004356875,0.4408428996212259
frozenset({'22745'}),"frozenset({'22746', '22748'})",0.017050666378891705,0.01160092807424594,0.01003615172934765,0.5886075949367089,50.73797468354431,1.0,0.009838348175068163,2.402570051757987,0.9972954483611844,0.5391304347826087,0.583779045581506,0.7268619370032382
frozenset({'22730'}),frozenset({'22726'}),0.025252252738358603,0.042572708142232775,0.014838396374035504,0.5876068376068376,13.802430318590014,1.0,0.013763339588271466,2.3216371636758293,0.9515784918098785,0.28004073319755596,0.5692694725748152,0.46807464820772804
frozenset({'82580'}),frozenset({'82581'}),0.02066583931365672,0.016295257108940808,0.012140506124210868,0.587467362924282,36.05143257309841,1.0,0.011803750959222774,2.384550104603011,0.9927784511784511,0.48913043478260876,0.5806336809322428,0.6662502377535318
"frozenset({'20726', '22383'})",frozenset({'20728'}),0.019532725408730373,0.052123239626611986,0.01143905465925646,0.585635359116022,11.235590176498174,1.0,0.010420945732216394,2.2875425817011092,0.9291458606550143,0.18996415770609318,0.5628496675867954,0.40254852841929467
"frozenset({'20728', '20726'})",frozenset({'22383'}),0.019532725408730373,0.05627799061134193,0.01143905465925646,0.585635359116022,10.406117076219786,1.0,0.010339792122090012,2.2775157826579613,0.9219100931091735,0.17770326906957248,0.5609251063749134,0.3944475932684616
"frozenset({'20728', '20726'})",frozenset({'22382'}),0.019532725408730373,0.05331031133653483,0.011385096854259969,0.5828729281767956,10.933587022166552,1.0,0.01034380118146951,2.269547465537579,0.926638482598568,0.1852502194907814,0.5593835268110887,0.3982178406066164
"frozenset({'23199', '23203'})",frozenset({'23202'}),0.017374413208870662,0.041655425457292394,0.010090109534344143,0.5807453416149069,13.94164950278377,1.0,0.009366370960057836,2.285829281501866,0.9446858380534537,0.20617420066152153,0.5625220098051388,0.4114866604447591
"frozenset({'20725', '22382'})",frozenset({'22383'}),0.02519829493336211,0.05627799061134193,0.014622565154049534,0.5802997858672377,10.311309617907495,1.0,0.013204455748367957,2.248562134614813,0.9263618474776578,0.21872477804681195,0.555271351142225,0.4200636033842421
"frozenset({'22383', '22384'})",frozenset({'20728'}),0.021583121998597098,0.052123239626611986,0.012518210759186316,0.58,11.127474120082816,1.0,0.011393228519363039,2.2568494294604475,0.9302091633276728,0.20458553791887127,0.5569044230659759,0.4100828157349896
frozenset({'23170'}),frozenset({'22699'}),0.01769816003884962,0.042248961312253815,0.010251982949333622,0.5792682926829269,13.710829205993212,1.0,0.009504254070554188,2.276393773112904,0.9437679064455976,0.20629750271444086,0.5607086911714189,0.4109623711179641
"frozenset({'23206', '20725'})",frozenset({'23209'}),0.020989586143635677,0.0542815518264717,0.012140506124210868,0.5784061696658098,10.655667537193294,1.0,0.011001158816138916,2.2431980264603815,0.9255807858122672,0.19230769230769235,0.5542078816920439,0.40103211067783534
"frozenset({'20726', '22383'})",frozenset({'20727'}),0.019532725408730373,0.05676361085631036,0.011277181244266984,0.5773480662983426,10.17109478394219,1.0,0.010168433220202647,2.23170962660141,0.9196453468761281,0.17344398340248965,0.55191303201803,0.3880086339096276
frozenset({'82494L'}),frozenset({'82482'}),0.043759779852155616,0.047267037176927644,0.025252252738358603,0.5770653514180024,12.20862118473726,1.0,0.023183857597232595,2.252671815887789,0.9601046359877192,0.3839212469237079,0.5560826956917845,0.555655963380234
"frozenset({'22697', '22699'})",frozenset({'22423'}),0.029191172503102575,0.09189014190902714,0.016834835158905735,0.5767097966728281,6.276079073245756,1.0,0.014152454175104748,2.145359970424525,0.8659427338076182,0.16149068322981366,0.5338777576789971,0.3799579517715285
frozenset({'23200'}),frozenset({'23203'}),0.02536016834835159,0.05827442939621216,0.014622565154049534,0.5765957446808511,9.89448975571316,1.0,0.013144715814157465,2.224175970772765,0.9223239367421079,0.21188428459734168,0.5503952865507484,0.4137608353033885
"frozenset({'22662', '22382'})",frozenset({'22383'}),0.019208978578751416,0.05627799061134193,0.011061350024281012,0.5758426966292135,10.232111885550541,1.0,0.009980307308172572,2.224934008889816,0.91993956447239,0.17169179229480738,0.5505484675030997,0.3861955573270708
frozenset({'22328'}),frozenset({'22326'}),0.024712674688393676,0.03210489397291318,0.014136944909081099,0.5720524017467249,17.81823052365051,1.0,0.013343547108423125,2.2617140742877844,0.9677944949478953,0.3312262958280658,0.557857462458025,0.5061942681002531
"frozenset({'20728', '20725'})",frozenset({'20727'}),0.02476663249339017,0.05676361085631036,0.014136944909081099,0.5708061002178649,10.055845489864726,1.0,0.012731101420005048,2.1976929066850435,0.9234254933281074,0.20976781425140112,0.544977372881282,0.4099277649378298
"frozenset({'20726', '20727'})",frozenset({'22384'}),0.018723358333782983,0.050234716451734746,0.010683645389305564,0.5706051873198847,11.35878188678778,1.0,0.00974308279238375,2.2118694858473025,0.929363190910535,0.18333333333333335,0.5478937584705956,0.39163986541074797
"frozenset({'20728', '22382'})",frozenset({'20727'}),0.021097501753628664,0.05676361085631036,0.012032590514217881,0.5703324808184143,10.047501774722122,1.0,0.010835020134634579,2.1952704056856107,0.9198799406574839,0.18278688524590164,0.5444752512446469,0.39115483356510067
frozenset({'22835'}),frozenset({'22112'}),0.027248691523228834,0.03777046349754492,0.01553984783898991,0.5702970297029704,15.099021216407357,1.0,0.014510652130455933,2.239289935178525,0.959927304440007,0.31406761177753545,0.5534298688658751,0.4908628005657709
frozenset({'22141'}),frozenset({'22144'}),0.018777316138779473,0.022716235903523445,0.010683645389305564,0.5689655172413794,25.04664591694652,1.0,0.01025709544626201,2.2672983327038265,0.9784471050899425,0.3467600700525395,0.5589464405385648,0.5196371529199771
"frozenset({'20728', '22382'})",frozenset({'22384'}),0.021097501753628664,0.050234716451734746,0.01197863270922139,0.5677749360613811,11.302441342669791,1.0,0.010918805690787877,2.1973859518779393,0.9311688769576544,0.20181818181818184,0.5449138103639118,0.4031141060543211
"frozenset({'20726', '20727'})",frozenset({'20728'}),0.018723358333782983,0.052123239626611986,0.010575729779312577,0.5648414985590777,10.836653719249885,1.0,0.009599807686265885,2.178233349997123,0.9250404549810687,0.17547000895255147,0.540912363681641,0.3838700246418577
frozenset({'22697'}),"frozenset({'22698', '22699'})",0.037284843252576486,0.023525602978470835,0.02104354394863217,0.5643994211287988,23.990858880229425,1.0,0.02016639552915754,2.2416737818667,0.9954319827316129,0.5291723202170964,0.5539047616610504,0.7294474169864178
"frozenset({'22383', '22382'})",frozenset({'20727'}),0.024119138833432256,0.05676361085631036,0.013597366859116172,0.563758389261745,9.931686528695742,1.0,0.0122282774481859,2.162188030498612,0.9215388909074633,0.20208500400962312,0.5375055333326424,0.40165105774874327
frozenset({'22867'}),frozenset({'22865'}),0.025629957373334053,0.03086386445799385,0.014406733934063562,0.5621052631578948,18.212407066617594,1.0,0.01361569440362882,2.213171463377178,0.9699522097544202,0.3423076923076923,0.5481597261903716,0.5144442399705558
"frozenset({'22383', '23209'})",frozenset({'20727'}),0.0178600334538391,0.05676361085631036,0.01003615172934765,0.5619335347432024,9.899538212353395,1.0,0.009022351740493243,2.1531809986659396,0.9153330663178926,0.15538847117794485,0.5355708597560649,0.36936980919669626
frozenset({'22384'}),frozenset({'20725'}),0.050234716451734746,0.06955161064047914,0.028219932013165704,0.5617615467239527,8.076902052315761,1.0,0.02472602657387978,2.1231555159159656,0.9225333554352311,0.3081909251620507,0.5290029427879271,0.4837512155652347
"frozenset({'23206', '22383'})",frozenset({'20727'}),0.019424809798737386,0.05676361085631036,0.010899476609291534,0.5611111111111111,9.88504964089565,1.0,0.009796854264918161,2.1491462031122044,0.916642740045754,0.16694214876033062,0.5346989429793617,0.3765631601182932
frozenset({'21931'}),frozenset({'85099B'}),0.04176334106728538,0.08633248799438839,0.023417687368477852,0.5607235142118864,6.494930555555556,1.0,0.01981215422718089,2.0799372185068927,0.8829069079791568,0.22371134020618558,0.5192162575378781,0.4159867571059432
"frozenset({'23206', '20725'})",frozenset({'22383'}),0.020989586143635677,0.05627799061134193,0.011762801489235418,0.5604113110539846,9.957912586542182,1.0,0.010581549757307936,2.1468296003051925,0.9188639204407553,0.17957166392092255,0.5341968454981987,0.38471188755000285
"frozenset({'85099B', '85099F'})",frozenset({'22386'}),0.022338531268547995,0.04699724815194518,0.012518210759186316,0.5603864734299517,11.923814594807459,1.0,0.01146836126180838,2.1678194465115097,0.9370669196556863,0.22032288698955366,0.5387069704493996,0.4133734892982135
"frozenset({'22384', '20727'})",frozenset({'20728'}),0.025036421518372633,0.052123239626611986,0.014029029299088114,0.560344827586207,10.750383736703078,1.0,0.012724049900893113,2.1559549843786865,0.9302707143982256,0.2222222222222222,0.5361684231601965,0.4147479831512816
frozenset({'22385'}),frozenset({'85099B'}),0.02573787298332704,0.08633248799438839,0.014406733934063562,0.559748427672956,6.4836360062893075,1.0,0.012184719323729387,2.0753304915556035,0.8681088299572366,0.14751381215469614,0.5181490350240886,0.363311713836478
frozenset({'22728'}),frozenset({'22726'}),0.03307613446285005,0.042572708142232775,0.01850752711379701,0.5595432300163132,13.143237873120828,1.0,0.017099386494836846,2.1737145552178196,0.9555201608704706,0.32389046270066096,0.5399579960489367,0.4971353665924405
frozenset({'85099C'}),frozenset({'85099B'}),0.03501861544272379,0.08633248799438839,0.019532725408730373,0.5577812018489985,6.46084938366718,1.0,0.01650948121144132,2.0660983111207036,0.8758941910482656,0.19183889772125065,0.5159959259355985,0.3920156009244993
"frozenset({'20728', '22383'})",frozenset({'20727'}),0.02438892785841472,0.05676361085631036,0.013597366859116172,0.5575221238938054,9.821822739661497,1.0,0.012212963248958491,2.1317142394647393,0.9206393100536123,0.2012779552715655,0.5308939718622445,0.39853292506477345
"frozenset({'23209', '20727'})",frozenset({'22383'}),0.018021906868828576,0.05627799061134193,0.01003615172934765,0.5568862275449102,9.895275604112964,1.0,0.009021915023785236,2.129751021187918,0.9154396407223131,0.1561712846347607,0.5304615468890692,0.36760898146181276
frozenset({'22699'}),frozenset({'22698'}),0.042248961312253815,0.030000539578049965,0.023525602978470835,0.5568326947637293,18.560755992906827,1.0,0.022258111342491064,2.1887884078109137,0.9878588964982556,0.48283499446290146,0.5431262353037879,0.6705026783171164
frozenset({'22192'}),frozenset({'22193'}),0.018237738088814546,0.02244644687854098,0.010144067339340635,0.5562130177514792,24.77955735093309,1.0,0.009734694920145316,2.202754006367021,0.9774710143656488,0.3321554770318021,0.5460228436268789,0.5040680473372781
frozenset({'23243'}),frozenset({'22720'}),0.020773754923649707,0.061835644525980685,0.011546970269249448,0.5558441558441558,8.989057364973595,1.0,0.010262411744320804,2.112241385131564,0.9076080575290602,0.1624905087319666,0.526569260957022,0.37129031526937284
frozenset({'22698'}),frozenset({'22423'}),0.030000539578049965,0.09189014190902714,0.01667296174391626,0.5557553956834532,6.0480415432774155,1.0,0.013916207904741861,2.04416632023717,0.8604718398716229,0.1584615384615385,0.5108030153417373,0.3685999526861189
"frozenset({'23206', '22383'})",frozenset({'23209'}),0.019424809798737386,0.0542815518264717,0.010791560999298549,0.5555555555555556,10.234702893748619,1.0,0.00973715217948903,2.127866508390439,0.9201672811313487,0.17152658662092624,0.5300457072580084,0.3771813563066048
frozenset({'23202'}),frozenset({'23203'}),0.041655425457292394,0.05827442939621216,0.023093940538498895,0.5544041450777203,9.513677796967954,1.0,0.02066649438871873,2.1134073851922217,0.9337854071742824,0.300561797752809,0.5268304601343832,0.4753502206870083
frozenset({'23173'}),frozenset({'23174'}),0.01910106296875843,0.014460691739060056,0.010575729779312577,0.5536723163841808,38.288093431149335,1.0,0.010299515195832986,2.2081070577491944,0.9928466463322223,0.46009389671361506,0.5471234075854379,0.6425077999831351
"frozenset({'20725', '22382'})",frozenset({'20726'}),0.02519829493336211,0.04424540009712405,0.013921113689095127,0.5524625267665954,12.486326839713795,1.0,0.012806205048003186,2.1355856371035555,0.9436918207743012,0.25072886297376096,0.5317443690264388,0.43354833655402936
"frozenset({'20725', '22382'})",frozenset({'20727'}),0.02519829493336211,0.05676361085631036,0.013867155884098635,0.550321199143469,9.694964623313604,1.0,0.012436809676258731,2.0975780653814433,0.9200370367020019,0.2036450079239303,0.5232596981709233,0.39730888854511853
